,precision,recall,f1-score,support
0,0.9632963261303541,0.6974768606567769,0.8091133729481673,39435.0
1,0.14805194805194805,0.5763704097924428,0.23558842723515336,3758.0
2,0.7224226804123711,0.7160556903819134,0.7192250946179999,7829.0
3,0.39378813089295617,0.5882352941176471,0.4717607973421927,1207.0
4,0.8887262079062958,0.5058333333333334,0.6447158789166224,1200.0
accuracy,0.6849089445806584,0.6849089445806584,0.6849089445806584,0.6849089445806584
macro avg,0.6232570586787851,0.6167943176564228,0.5760807142120271,53429.0
weighted avg,0.8561191624427472,0.6849089445806584,0.7442889587043923,53429.0
